ColTot1R01	ACGCTCGACA	ColTot1	Col	Tot	Col-0 Total	1	R01	myb	Ath	AthColTot1R01
ColTot1R02	ATCAGACACG	ColTot1	Col	Tot	Col-0 Total	1	R02	myb	Ath	AthColTot1R02
ColTot1R03	ATATCGCGAG	ColTot1	Col	Tot	Col-0 Total	1	R03	myb	Ath	AthColTot1R03
ColTot1R04	CACGAGACAG	ColTot1	Col	Tot	Col-0 Total	1	R04	myb	Ath	AthColTot1R04
ColTot1R05	CTCGCGTGTC	ColTot1	Col	Tot	Col-0 Total	1	R05	myb	Ath	AthColTot1R05
ColTot1R06	TAGTATCAGC	ColTot1	Col	Tot	Col-0 Total	1	R06	myb	Ath	AthColTot1R06
ColTot1R07	TCTCTATGCG	ColTot1	Col	Tot	Col-0 Total	1	R07	myb	Ath	AthColTot1R07
ColTot1R08	TACTGAGCTA	ColTot1	Col	Tot	Col-0 Total	1	R08	myb	Ath	AthColTot1R08
ColTot1R09	CATAGTAGTG	ColTot1	Col	Tot	Col-0 Total	1	R09	myb	Ath	AthColTot1R09
ColTot1R10	CGAGAGATAC	ColTot1	Col	Tot	Col-0 Total	1	R10	myb	Ath	AthColTot1R10
ColTot1R11	ATACGACGTA	ColTot1	Col	Tot	Col-0 Total	1	R11	myb	Ath	AthColTot1R11
ColTot1R12	TCACGTACTA	ColTot1	Col	Tot	Col-0 Total	1	R12	myb	Ath	AthColTot1R12
MybTot1R01	CGTCTAGTAC	MybTot1	Myb	Tot	myb28/29 Total	1	R01	myb	Ath	AthMybTot1R01
MybTot1R02	TCTACGTAGC	MybTot1	Myb	Tot	myb28/29 Total	1	R02	myb	Ath	AthMybTot1R02
MybTot1R03	CACGCGAGTC	MybTot1	Myb	Tot	myb28/29 Total	1	R03	myb	Ath	AthMybTot1R03
MybTot1R04	ACGACTACAG	MybTot1	Myb	Tot	myb28/29 Total	1	R04	myb	Ath	AthMybTot1R04
MybTot1R05	CGTAGACTAG	MybTot1	Myb	Tot	myb28/29 Total	1	R05	myb	Ath	AthMybTot1R05
MybTot1R06	TACGAGTATG	MybTot1	Myb	Tot	myb28/29 Total	1	R06	myb	Ath	AthMybTot1R06
MybTot1R07	TACTCTCGTG	MybTot1	Myb	Tot	myb28/29 Total	1	R07	myb	Ath	AthMybTot1R07
MybTot1R08	TAGAGACGAG	MybTot1	Myb	Tot	myb28/29 Total	1	R08	myb	Ath	AthMybTot1R08
MybTot1R09	TCGTCGCTCG	MybTot1	Myb	Tot	myb28/29 Total	1	R09	myb	Ath	AthMybTot1R09
MybTot1R11	ACGCGAGTAT	MybTot1	Myb	Tot	myb28/29 Total	1	R11	myb	Ath	AthMybTot1R11
MybTot1R12	CACGCTACGA	MybTot1	Myb	Tot	myb28/29 Total	1	R12	myb	Ath	AthMybTot1R12
ColPhyl2R01	ACGCGATCGA	ColPhyl2	Col	Phyl	Col-0 Phyl	2	R01	myb	Ath	AthColPhyl2R01
ColPhyl2R02	AGTATACATA	ColPhyl2	Col	Phyl	Col-0 Phyl	2	R02	myb	Ath	AthColPhyl2R02
ColPhyl2R03	CGATCGTATA	ColPhyl2	Col	Phyl	Col-0 Phyl	2	R03	myb	Ath	AthColPhyl2R03
ColPhyl2R04	CGCAGTACGA	ColPhyl2	Col	Phyl	Col-0 Phyl	2	R04	myb	Ath	AthColPhyl2R04
ColPhyl2R05	CGCGTATACA	ColPhyl2	Col	Phyl	Col-0 Phyl	2	R05	myb	Ath	AthColPhyl2R05
ColPhyl2R06	CGTACAGTCA	ColPhyl2	Col	Phyl	Col-0 Phyl	2	R06	myb	Ath	AthColPhyl2R06
ColPhyl2R07	CGTACTCAGA	ColPhyl2	Col	Phyl	Col-0 Phyl	2	R07	myb	Ath	AthColPhyl2R07
ColPhyl2R08	CTACGCTCTA	ColPhyl2	Col	Phyl	Col-0 Phyl	2	R08	myb	Ath	AthColPhyl2R08
ColPhyl2R10	TACGTCATCA	ColPhyl2	Col	Phyl	Col-0 Phyl	2	R10	myb	Ath	AthColPhyl2R10
ColPhyl2R11	TAGTCGCATA	ColPhyl2	Col	Phyl	Col-0 Phyl	2	R11	myb	Ath	AthColPhyl2R11
MybPhyl2R01	TATGCTAGTA	MybPhyl2	Myb	Phyl	myb28/29 Phyl	2	R01	myb	Ath	AthMybPhyl2R01
MybPhyl2R02	TCACGCGAGA	MybPhyl2	Myb	Phyl	myb28/29 Phyl	2	R02	myb	Ath	AthMybPhyl2R02
MybPhyl2R03	TCGATAGTGA	MybPhyl2	Myb	Phyl	myb28/29 Phyl	2	R03	myb	Ath	AthMybPhyl2R03
MybPhyl2R04	TCGCTGCGTA	MybPhyl2	Myb	Phyl	myb28/29 Phyl	2	R04	myb	Ath	AthMybPhyl2R04
MybPhyl2R05	TCTGACGTCA	MybPhyl2	Myb	Phyl	myb28/29 Phyl	2	R05	myb	Ath	AthMybPhyl2R05
MybPhyl2R06	TGAGTCAGTA	MybPhyl2	Myb	Phyl	myb28/29 Phyl	2	R06	myb	Ath	AthMybPhyl2R06
MybPhyl2R07	CACTATACTC	MybPhyl2	Myb	Phyl	myb28/29 Phyl	2	R07	myb	Ath	AthMybPhyl2R07
MybPhyl2R08	TGTCACACGA	MybPhyl2	Myb	Phyl	myb28/29 Phyl	2	R08	myb	Ath	AthMybPhyl2R08
MybPhyl2R09	TGTCGTCGCA	MybPhyl2	Myb	Phyl	myb28/29 Phyl	2	R09	myb	Ath	AthMybPhyl2R09
MybPhyl2R10	ACACATACGC	MybPhyl2	Myb	Phyl	myb28/29 Phyl	2	R10	myb	Ath	AthMybPhyl2R10
MybPhyl2R11	ACAGTCGTGC	MybPhyl2	Myb	Phyl	myb28/29 Phyl	2	R11	myb	Ath	AthMybPhyl2R11
MybPhyl2R12	ACATGACGAC	MybPhyl2	Myb	Phyl	myb28/29 Phyl	2	R12	myb	Ath	AthMybPhyl2R12
